zona,circuito,inicio,fin,ultimo_visto_off,urbanizaciones
ValenciaNorte,Trigal,2026-09-21 14:06,,2026-09-21 21:43,"LaTrigaleña, TrigalCentro, TrigalSur"
ValenciaNorte,SanJose,2026-09-21 15:50,,2026-09-21 22:07,"Flores, LosColorados, San José"
ValenciaNorte,SabanaLarga,2026-09-21 20:30,,2026-09-21 22:07,"AguaBlanca, Prebo1, Prebo2, Prebo3, Sabanalarga, ValleBlanco"
ValenciaNorte,Guaparo1,2026-09-21 20:32,,2026-09-21 22:07,"Guaparo, LaCeiba, LaViña, Mañonguito, PiedrasPintadas, TrigalNorte"
ValenciaNorte,Casupo,2026-09-21 20:55,,2026-09-21 22:07,"ElBosque, ElParral, GranjaLasPalmas, LaManguita, LosNisperos, TerrazasdeLosNisperos, ValleBlanco"
ValenciaNorte,Norte2,2026-09-21 21:04,,2026-09-21 22:07,"ElRecreo, LaAlegría, LaViña"
ValenciaNorte,Chimeneas,2026-09-23 14:38,,2026-09-23 18:43,"LaIsabela, LasChimeneas"
ValenciaNorte,Viñedo1,2026-09-23 14:40,,2026-09-23 18:43,"ElViñedo, LaViña, PadreAlfonso, Prebo1"
ValenciaNorte,Yuma,2026-09-23 15:18,,2026-09-23 18:43,"LaTrigaleña, TrigalSur"
ValenciaNorte,Casupo,2026-09-23 17:02,,2026-09-23 18:43,"ElBosque, ElParral, GranjaLasPalmas, LaManguita, LosNisperos, TerrazasdeLosNisperos, ValleBlanco"
ValenciaNorte,LaManguita,2026-09-23 17:10,,2026-09-23 18:43,"Altos de Guataparo, GuataparoCountryClub, HatoRoyal, LaManguita, LomasdelCountry, Terrazas del Country, VillaLagunaClub, VillaLagunaNorte"
ValenciaNorte,Ceiba,2026-09-23 17:11,,2026-09-23 18:43,"Camoruco, LasAcacias, LosSauces, Miranda"
ValenciaNorte,Cuatricentenario,2026-09-23 17:11,,2026-09-23 18:43,"ElBosque, LosMangos, ParqueMirador, TerrazasdeLosNisperos"
ValenciaNorte,Valencia1,2026-09-23 18:31,,2026-09-23 18:43,"Flores, LaRosarito, LomasdelEste"
ValenciaNorte,Guaparo1,2026-09-23 18:32,,2026-09-23 18:43,"Guaparo, LaCeiba, LaViña, Mañonguito, PiedrasPintadas, TrigalNorte"
ValenciaNorte,SanJose,2026-09-29 08:27,2026-09-29 11:35,,"Flores, LosColorados, San José"
ValenciaNorte,Carabobo,2026-09-29 08:30,2026-09-29 11:46,,"Carabobo, ElRecreo, Guaparo, LaCeiba, Majay"
ValenciaNorte,Soublette2,2026-09-29 08:35,2026-09-29 11:37,,"LosNisperos, Oviedo, PadreAlfonso"
ValenciaNorte,Guaparo2,2026-09-29 08:48,2026-09-29 11:50,,"Carabobo, LaAlegría, LasClavelinas, Majay, Mañonguito, TrigalNorte"
ValenciaNorte,Solar,2026-09-29 08:50,2026-09-29 11:50,,"ColinasdeGuataparo, ElParral, Prebo3, Solar, Sta.MariadelCampo"
ValenciaNorte,LaManguita,2026-09-29 08:51,2026-09-29 11:52,,"Altos de Guataparo, GuataparoCountryClub, HatoRoyal, LaManguita, LomasdelCountry, Terrazas del Country, VillaLagunaClub, VillaLagunaNorte"
ValenciaNorte,Casupo,2026-09-29 09:44,2026-09-29 12:42,,"ElBosque, ElParral, GranjaLasPalmas, LaManguita, LosNisperos, TerrazasdeLosNisperos, ValleBlanco"
ValenciaNorte,Viñedo2,2026-09-29 09:44,2026-09-29 12:56,,LaViña
ValenciaNorte,Cuatricentenario,2026-09-29 11:34,2026-09-29 14:38,,"ElBosque, LosMangos, ParqueMirador, TerrazasdeLosNisperos"
ValenciaNorte,Prebo,2026-09-29 11:34,2026-09-29 14:41,,"AguaBlanca, Camoruco, CampoAlegre, Prebo1"
ValenciaNorte,AvBolivar,2026-09-29 11:35,2026-09-29 14:35,2026-09-29 15:32,"Ateneo, Camoruco, Caribbean, CentroNorte, ElViñedo, Flores, Kerdell, LasAcacias, LasChimeneas, LosColorados, LosNaranjos, LosSauces, Miranda, PadreAlfonso, Prebol, San José"
ValenciaNorte,Ceiba,2026-09-29 11:35,2026-09-29 14:30,2026-09-29 17:41,"Camoruco, LasAcacias, LosSauces, Miranda"
ValenciaNorte,Chimeneas,2026-09-29 11:45,2026-09-29 15:08,2026-09-29 15:23,"LaIsabela, LasChimeneas"
ValenciaNorte,Yuma,2026-09-29 11:45,2026-09-29 15:07,,"LaTrigaleña, TrigalSur"
ValenciaNorte,Trigal,2026-09-29 11:51,2026-09-29 15:21,,"LaTrigaleña, TrigalCentro, TrigalSur"
ValenciaNorte,Miranda,2026-09-29 12:02,2026-09-29 15:19,,"AguaBlanca, CampoAlegre, CentroNorte, Kerdell, LaArboleda, LosSauces, Miranda, SantaCecilia"
ValenciaNorte,Norte1,2026-09-29 12:15,2026-09-29 15:00,,"Ateneo, Camoruco, CampoAlegre, Caribbean, Chaguaramal, LosNaranjos, Prebol, SanJosedeTarbes, ValleBlanco"
ValenciaNorte,Valencia1,2026-09-29 12:35,2026-09-29 16:05,2026-09-29 16:05,"Flores, LaRosarito, LomasdelEste"
ValenciaNorte,SabanaLarga,2026-09-29 12:40,2026-09-29 16:10,2026-09-29 18:10,"AguaBlanca, Prebo1, Prebo2, Prebo3, Sabanalarga, ValleBlanco"
ValenciaNorte,Viñedo1,2026-09-29 12:42,2026-09-29 16:08,2026-09-29 16:05,"ElViñedo, LaViña, PadreAlfonso, Prebo1"
ValenciaNorte,Guaparo1,2026-09-29 12:45,2026-09-29 15:44,2026-09-29 17:43,"Guaparo, LaCeiba, LaViña, Mañonguito, PiedrasPintadas, TrigalNorte"
ValenciaNorte,Norte2,2026-09-29 13:45,2026-09-29 15:57,2026-09-29 16:02,"ElRecreo, LaAlegría, LaViña"
ValenciaNorte,Soublette2,2026-09-29 14:36,2026-09-29 17:43,2026-09-29 17:42,"LosNisperos, Oviedo, PadreAlfonso"
ValenciaNorte,Carabobo,2026-09-29 14:40,2026-09-29 17:40,2026-09-29 17:45,"Carabobo, ElRecreo, Guaparo, LaCeiba, Majay"
ValenciaNorte,SanJose,2026-09-29 14:40,2026-09-29 17:46,2026-09-29 17:46,"Flores, LosColorados, San José"
ValenciaNorte,Solar,2026-09-29 15:10,2026-09-29 17:56,2026-09-29 17:56,"ColinasdeGuataparo, ElParral, Prebo3, Solar, Sta.MariadelCampo"
ValenciaNorte,Guaparo2,2026-09-29 16:00,2026-09-29 19:13,2026-09-29 18:29,"Carabobo, LaAlegría, LasClavelinas, Majay, Mañonguito, TrigalNorte"
ValenciaNorte,Guaparo2,2026-09-29 16:01,,2026-09-29 16:12,"Carabobo, LaAlegría, LasClavelinas, Majay, Mañonguito, TrigalNorte"
ValenciaNorte,Viñedo2,2026-09-29 16:03,2026-09-29 19:14,2026-09-29 19:13,LaViña
ValenciaNorte,Casupo,2026-09-29 16:04,2026-09-29 19:10,2026-09-29 19:51,"ElBosque, ElParral, GranjaLasPalmas, LaManguita, LosNisperos, TerrazasdeLosNisperos, ValleBlanco"
ValenciaNorte,SabanaLarga,2026-09-29 17:20,2026-09-29 19:43,2026-09-29 19:14,"AguaBlanca, Prebo1, Prebo2, Prebo3, Sabanalarga, ValleBlanco"
ValenciaNorte,Cuatricentenario,2026-09-29 17:38,2026-09-29 17:53,2026-09-29 17:53,"ElBosque, LosMangos, ParqueMirador, TerrazasdeLosNisperos"
ValenciaNorte,Norte1,2026-09-29 17:40,2026-09-29 17:52,2026-09-29 18:18,"Ateneo, Camoruco, CampoAlegre, Caribbean, Chaguaramal, LosNaranjos, Prebol, SanJosedeTarbes, ValleBlanco"
ValenciaNorte,Prebo,2026-09-29 17:40,2026-09-29 17:52,2026-09-29 18:25,"AguaBlanca, Camoruco, CampoAlegre, Prebo1"
ValenciaNorte,Viñedo1,2026-09-29 18:12,2026-09-29 18:25,2026-09-29 18:28,"ElViñedo, LaViña, PadreAlfonso, Prebo1"
ValenciaNorte,Viñedo2,2026-09-30 11:03,,2026-09-30 15:03,LaViña
ValenciaNorte,Carabobo,2026-09-30 11:42,,2026-09-30 15:03,"Carabobo, ElRecreo, Guaparo, LaCeiba, Majay"
ValenciaNorte,SanJose,2026-09-30 12:30,,2026-09-30 15:03,"Flores, LosColorados, San José"
ValenciaNorte,Viñedo1,2026-09-30 14:20,,2026-09-30 15:03,"ElViñedo, LaViña, PadreAlfonso, Prebo1"
ValenciaNorte,AvBolivar,2026-09-30 14:22,,2026-09-30 15:03,"Ateneo, Camoruco, Caribbean, CentroNorte, ElViñedo, Flores, Kerdell, LasAcacias, LasChimeneas, LosColorados, LosNaranjos, LosSauces, Miranda, PadreAlfonso, Prebol, San José"
ValenciaNorte,Yuma,2026-09-30 14:22,,2026-09-30 15:03,"LaTrigaleña, TrigalSur"
ValenciaNorte,Norte1,2026-09-30 14:23,,2026-09-30 15:03,"Ateneo, Camoruco, CampoAlegre, Caribbean, Chaguaramal, LosNaranjos, Prebol, SanJosedeTarbes, ValleBlanco"
ValenciaNorte,Miranda,2026-09-30 14:30,,2026-09-30 15:03,"AguaBlanca, CampoAlegre, CentroNorte, Kerdell, LaArboleda, LosSauces, Miranda, SantaCecilia"
ValenciaNorte,Cuatricentenario,2026-09-30 14:38,,2026-09-30 15:03,"ElBosque, LosMangos, ParqueMirador, TerrazasdeLosNisperos"
ValenciaNorte,Prebo,2026-09-30 14:38,,2026-09-30 15:03,"AguaBlanca, Camoruco, CampoAlegre, Prebo1"
ValenciaNorte,Prebo,2026-09-30 14:39,,2026-09-30 14:41,"AguaBlanca, Camoruco, CampoAlegre, Prebo1"
ValenciaNorte,Trigal,2026-09-30 14:39,,2026-09-30 15:03,"LaTrigaleña, TrigalCentro, TrigalSur"
ValenciaNorte,Chimeneas,2026-09-30 14:40,,2026-09-30 15:03,"LaIsabela, LasChimeneas"
ValenciaNorte,Trigal,2026-09-30 14:40,,2026-09-30 14:47,"LaTrigaleña, TrigalCentro, TrigalSur"
Naguanagua,Hospital,2026-10-01 11:57,2026-10-01 16:42,,"CDJardínMañongo, Mañongo, PalmaReal"
Naguanagua,Cafetal,2026-10-01 11:58,2026-10-01 16:48,,"BarrioUnion, Cafetal, ElPinar, LaBegoña, LaCampiña2, LosCandiles, Naranjal1, Naranjal2, Rotafé, Tarapio"
SanDiego,Morro2,2026-10-01 13:35,2026-10-01 19:25,,"LaEsmeralda, Morro2, TerrazasdeSanDiego"
SanDiego,Esmeralda,2026-10-01 13:47,2026-10-01 20:30,,"LaEsmeralda, LomasdeLaEsmeralda"
ValenciaNorte,Ceiba,2026-10-01 14:38,2026-10-01 18:02,2026-10-01 18:03,"Camoruco, LasAcacias, LosSauces, Miranda"
ValenciaNorte,Carabobo,2026-10-01 14:42,2026-10-01 18:07,2026-10-01 18:13,"Carabobo, ElRecreo, Guaparo, LaCeiba, Majay"
ValenciaNorte,Cuatricentenario,2026-10-01 14:42,2026-10-01 18:00,,"ElBosque, LosMangos, ParqueMirador, TerrazasdeLosNisperos"
Naguanagua,Carabobo,2026-10-01 14:43,2026-10-01 18:06,,"Granja1, Granja2"
ValenciaNorte,Casupo,2026-10-01 14:44,2026-10-01 18:01,2026-10-01 18:08,"ElBosque, ElParral, GranjaLasPalmas, LaManguita, LosNisperos, TerrazasdeLosNisperos, ValleBlanco"
ValenciaNorte,Trigal,2026-10-01 14:44,2026-10-01 18:25,2026-10-01 18:17,"LaTrigaleña, TrigalCentro, TrigalSur"
ValenciaNorte,Soublette2,2026-10-01 14:47,2026-10-01 18:01,2026-10-01 18:07,"LosNisperos, Oviedo, PadreAlfonso"
ValenciaNorte,Miranda,2026-10-01 14:49,2026-10-01 18:01,,"AguaBlanca, CampoAlegre, CentroNorte, Kerdell, LaArboleda, LosSauces, Miranda, SantaCecilia"
Naguanagua,Barbula,2026-10-01 17:47,2026-10-01 20:30,,"CascoCentral, Guayabal, LaCampiña1, LasQuintas2, LosGuayabitos"
Naguanagua,Cafetal,2026-10-01 17:50,2026-10-01 18:40,,"BarrioUnion, Cafetal, ElPinar, LaBegoña, LaCampiña2, LosCandiles, Naranjal1, Naranjal2, Rotafé, Tarapio"
ValenciaNorte,Norte1,2026-10-01 17:50,2026-10-01 21:45,2026-10-01 21:48,"Ateneo, Camoruco, CampoAlegre, Caribbean, Chaguaramal, LosNaranjos, Prebol, SanJosedeTarbes, ValleBlanco"
ValenciaNorte,Viñedo1,2026-10-01 17:50,2026-10-01 21:39,2026-10-01 20:21,"ElViñedo, LaViña, PadreAlfonso, Prebo1"
ValenciaNorte,Valencia1,2026-10-01 17:51,2026-10-01 21:40,2026-10-01 21:51,"Flores, LaRosarito, LomasdelEste"
ValenciaNorte,Solar,2026-10-01 17:52,2026-10-01 21:42,2026-10-01 20:21,"ColinasdeGuataparo, ElParral, HatoRoyal, Prebo3, Solar, Sta.MariadelCampo, VillaLagunaClub, VillaLagunaNorte"
ValenciaNorte,Viñedo1,2026-10-01 17:52,,2026-10-01 18:26,"ElViñedo, LaViña, PadreAlfonso, Prebo1"
ValenciaNorte,Yuma,2026-10-01 17:52,2026-10-01 21:46,2026-10-01 21:46,"LaTrigaleña, TrigalSur"
ValenciaNorte,LaManguita,2026-10-01 17:53,2026-10-01 21:41,2026-10-01 20:21,LaManguita
ValenciaNorte,SabanaLarga,2026-10-01 17:54,2026-10-01 21:40,2026-10-01 21:43,"AguaBlanca, Prebo1, Prebo2, Prebo3, Sabanalarga, ValleBlanco"
ValenciaNorte,Viñedo2,2026-10-01 17:54,2026-10-01 21:42,2026-10-01 20:21,LaViña
Naguanagua,Cidra,2026-10-01 17:55,2026-10-01 18:47,,"Caprenco, LaCidra, Tarapio"
ValenciaNorte,AvBolivar,2026-10-01 17:55,2026-10-01 21:48,2026-10-01 21:47,"Ateneo, Camoruco, Caribbean, CentroNorte, ElViñedo, Flores, Kerdell, LasAcacias, LasChimeneas, LosColorados, LosNaranjos, LosSauces, Miranda, PadreAlfonso, Prebol, San José"
ValenciaNorte,Chimeneas,2026-10-01 17:55,2026-10-01 21:47,2026-10-01 21:46,"LaIsabela, LasChimeneas"
ValenciaNorte,Guaparo1,2026-10-01 17:57,2026-10-01 21:43,2026-10-01 20:21,"Guaparo, LaCeiba, LaViña, Mañonguito, PiedrasPintadas, TrigalNorte"
ValenciaNorte,Guaparo2,2026-10-01 18:00,2026-10-01 21:46,2026-10-01 21:45,"Carabobo, LaAlegría, LasClavelinas, Majay, Mañonguito, TrigalNorte"
ValenciaNorte,Guaparo2,2026-10-01 18:01,,2026-10-01 18:17,"Carabobo, LaAlegría, LasClavelinas, Majay, Mañonguito, TrigalNorte"
SanDiego,Metalex,2026-10-01 20:02,2026-10-02 02:02,2026-10-01 23:39,"CampoSolo, CiudadelaValencey, ColinasdeLosJarales, LosArales, LosJarales, LosMagallanes, ParqueIndustrialTerrazasdeCastillito, PasoReal, VillaTopacio, ZonaIndustrialCastillete"
Naguanagua,Granja,2026-10-01 20:13,2026-10-01 23:12,,"LasQuintas1, LasQuintas2, LasQuintas3"
ValenciaNorte,Norte2,2026-10-01 20:15,2026-10-01 23:08,2026-10-01 21:52,"ElRecreo, LaAlegría, LaViña"
SanDiego,LaCumaca3,2026-10-01 20:16,2026-10-01 23:10,,"CountryParkVillaserino, ElRemanso, ElTulipan, MonteCarmelo, MonteSinai, TrigaldeSanDiego, VallesdelNogal, VillaJardin"
Naguanagua,Manantial,2026-10-01 20:18,2026-10-01 23:12,,"CascoCentral, ElRincón, Guayabal, LaBegoña, LosGuayabitos, Manantial, Tazajal"
SanDiego,LaCumaca1,2026-10-01 20:40,2026-10-02 02:40,2026-10-02 03:11,"Abadia, Amazonia, Bosqueserino, CentroComercialeIndustrialMonteReal, ComplejoAntonioPadrón, ComplejoIndustrialVenecia, CondominiosMonteserino, DivinoNiño, LasMajaguas, LomasdeLaHacienda, LosFrailes, MonteserinoBloques, MonteserinoCasas, SanFrancisco, SantaCruz, SeminarioArquidiocesano, Vajagreda, Valparaiso, Villa Paraiso, VillaBahia, VillaMaporal, VillasLaFontana, ZISanAntonio"
Naguanagua,Barbula,2026-10-01 21:00,2026-10-01 23:30,,"CascoCentral, Guayabal, LaCampiña1, LasQuintas2, LosGuayabitos"
SanDiego,SanDiego2,2026-10-01 21:35,2026-10-02 03:35,2026-10-02 03:41,"CdIndustrialUnion, ParqueComercialIndustrialCastillito"
ValenciaNorte,Prebo,2026-10-01 21:35,2026-10-02 03:50,2026-10-02 01:31,"AguaBlanca, Camoruco, CampoAlegre, Prebo1"
ValenciaNorte,SanJose,2026-10-01 21:35,2026-10-02 03:35,2026-10-02 04:04,"Flores, LosColorados, San José"
SanDiego,Castillito1,2026-10-01 21:36,2026-10-02 03:36,2026-10-02 03:41,"ParqueComercialIndustrialCastillito, ZonaIndustrialSanDiego"
ValenciaNorte,AvBolivar,2026-10-02 01:05,2026-10-02 07:05,2026-10-02 04:46,"Ateneo, Camoruco, Caribbean, CentroNorte, ElViñedo, Flores, Kerdell, LasAcacias, LasChimeneas, LosColorados, LosNaranjos, LosSauces, Miranda, PadreAlfonso, Prebol, San José"
SanDiego,Castillito2,2026-10-02 07:27,2026-10-02 13:27,2026-10-02 14:08,"CdIndustrialUnion, ParqueComercialIndustrialCastillito"
ValenciaNorte,Viñedo2,2026-10-02 08:14,2026-10-02 12:11,2026-10-02 11:35,LaViña
ValenciaNorte,Guaparo1,2026-10-02 08:28,2026-10-02 12:16,2026-10-02 11:35,"Guaparo, LaCeiba, LaViña, Mañonguito, PiedrasPintadas, TrigalNorte"
ValenciaNorte,Guaparo2,2026-10-02 08:29,2026-10-02 12:15,2026-10-02 11:35,"Carabobo, LaAlegría, LasClavelinas, Majay, Mañonguito, TrigalNorte"
ValenciaNorte,Solar,2026-10-02 08:30,2026-10-02 12:10,2026-10-02 11:35,"ColinasdeGuataparo, ElParral, HatoRoyal, Prebo3, Solar, Sta.MariadelCampo, VillaLagunaClub, VillaLagunaNorte"
ValenciaNorte,Yuma,2026-10-02 08:30,2026-10-02 12:20,2026-10-02 11:35,"LaTrigaleña, TrigalSur"
ValenciaNorte,SabanaLarga,2026-10-02 08:32,2026-10-02 12:10,2026-10-02 11:35,"AguaBlanca, Prebo1, Prebo2, Prebo3, Sabanalarga, ValleBlanco"
ValenciaNorte,Chimeneas,2026-10-02 08:33,2026-10-02 12:11,2026-10-02 11:35,"LaIsabela, LasChimeneas"
ValenciaNorte,LaManguita,2026-10-02 08:33,2026-10-02 12:09,2026-10-02 11:35,LaManguita
ValenciaNorte,Viñedo1,2026-10-02 08:34,2026-10-02 12:11,2026-10-02 11:35,"ElViñedo, LaViña, PadreAlfonso, Prebo1"
ValenciaNorte,Viñedo2,2026-10-02 08:34,,2026-10-02 08:48,LaViña
ValenciaNorte,Norte1,2026-10-02 08:35,2026-10-02 12:15,2026-10-02 11:35,"Ateneo, Camoruco, CampoAlegre, Caribbean, Chaguaramal, LosNaranjos, Prebol, SanJosedeTarbes, ValleBlanco"
ValenciaNorte,Trigal,2026-10-02 08:45,2026-10-02 12:12,2026-10-02 11:35,"LaTrigaleña, TrigalCentro, TrigalSur"
ValenciaNorte,Trigal,2026-10-02 08:47,,2026-10-02 08:48,"LaTrigaleña, TrigalCentro, TrigalSur"
ValenciaNorte,Valencia1,2026-10-02 09:04,2026-10-02 11:50,2026-10-02 14:57,"Flores, LaRosarito, LomasdelEste"
Naguanagua,Manantial,2026-10-02 11:33,2026-10-02 11:38,,"CascoCentral, ElRincón, Guayabal, LaBegoña, LosGuayabitos, Manantial, Tazajal"
ValenciaNorte,Prebo,2026-10-02 12:02,2026-10-02 14:56,2026-10-02 12:20,"AguaBlanca, Camoruco, CampoAlegre, Prebo1"
ValenciaNorte,Cuatricentenario,2026-10-02 12:03,2026-10-02 14:55,2026-10-02 12:20,"ElBosque, LosMangos, ParqueMirador, TerrazasdeLosNisperos"
ValenciaNorte,Ceiba,2026-10-02 12:04,2026-10-02 14:56,2026-10-02 12:20,"Camoruco, LasAcacias, LosSauces, Miranda"
Naguanagua,Carabobo,2026-10-02 12:05,2026-10-02 14:11,,"Granja1, Granja2"
ValenciaNorte,Carabobo,2026-10-02 12:05,2026-10-02 14:11,,"Carabobo, ElRecreo, Guaparo, LaCeiba, Majay"
ValenciaNorte,Casupo,2026-10-02 12:05,2026-10-02 14:54,2026-10-02 12:20,"ElBosque, ElParral, GranjaLasPalmas, LaManguita, LosNisperos, TerrazasdeLosNisperos, ValleBlanco"
ValenciaNorte,Soublette2,2026-10-02 12:05,2026-10-02 14:55,2026-10-02 12:20,"LosNisperos, Oviedo, PadreAlfonso"
SanDiego,LaCumaca2,2026-10-02 12:15,,2026-10-02 14:53,"CasaVerde, CentroSan Diego, Colonial, ElPolvero, LasTrinitarias, ManantialDorado, ParqueCampestreLaCumaca, PaulaBerbecia, PiedeMonteChalet, PuebloLaCumaca, SabanadelMedio, TerrazasdeSanDiegoCountry, TizianaVilla, UAM, VillasLaPonderosa, VillasManantialCountry, VillasSanDiegoCountryClub, VillasSanRafael, VillasdeAlcalá, VillasdelCampo, ZPI12"
SanDiego,LaCumaca3,2026-10-02 13:30,,2026-10-02 14:53,"CountryParkVillaserino, ElRemanso, ElTulipan, MonteCarmelo, MonteSinai, TrigaldeSanDiego, VallesdelNogal, VillaJardin"
SanDiego,Morro2,2026-10-02 13:35,,2026-10-02 14:53,"LaEsmeralda, Morro2, TerrazasdeSanDiego"
ValenciaNorte,SanJose,2026-10-02 13:40,,2026-10-02 15:04,"Flores, LosColorados, San José"
SanDiego,Esmeralda,2026-10-02 13:45,,2026-10-02 14:53,"LaEsmeralda, LomasdeLaEsmeralda"
ValenciaNorte,Viñedo1,2026-10-02 14:45,,2026-10-02 15:04,"ElViñedo, LaViña, PadreAlfonso, Prebo1"
Naguanagua,Manantial,2026-10-02 14:46,,2026-10-02 14:48,"CascoCentral, ElRincón, Guayabal, LaBegoña, LosGuayabitos, Manantial, Tazajal"
SanDiego,LaCumaca1,2026-10-02 14:46,,2026-10-02 14:53,"Abadia, Amazonia, Bosqueserino, CentroComercialeIndustrialMonteReal, ComplejoAntonioPadrón, ComplejoIndustrialVenecia, CondominiosMonteserino, DivinoNiño, LasMajaguas, LomasdeLaHacienda, LosFrailes, MonteserinoBloques, MonteserinoCasas, SanFrancisco, SantaCruz, SeminarioArquidiocesano, Vajagreda, Valparaiso, Villa Paraiso, VillaBahia, VillaMaporal, VillasLaFontana, ZISanAntonio"
ValenciaNorte,Trigal,2026-10-02 14:49,,2026-10-02 15:04,"LaTrigaleña, TrigalCentro, TrigalSur"
ValenciaNorte,Norte1,2026-10-02 14:50,,2026-10-02 15:04,"Ateneo, Camoruco, CampoAlegre, Caribbean, Chaguaramal, LosNaranjos, Prebol, SanJosedeTarbes, ValleBlanco"
ValenciaNorte,Valencia1,2026-10-02 14:50,,2026-10-02 15:04,"Flores, LaRosarito, LomasdelEste"
