post,zona,hora,resueltos
15308,ValenciaNorte,2026-09-21 21:43,0
15312,ValenciaNorte,2026-09-21 22:07,0
15751,ValenciaNorte,2026-09-23 18:02,0
15757,ValenciaNorte,2026-09-23 18:42,0
15761,ValenciaNorte,2026-09-23 18:42,0
15765,ValenciaNorte,2026-09-23 18:43,0
16964,ValenciaNorte,2026-09-29 15:23,0
16966,ValenciaNorte,2026-09-29 15:24,0
16968,ValenciaNorte,2026-09-29 15:25,0
16972,ValenciaNorte,2026-09-29 15:32,0
16976,ValenciaNorte,2026-09-29 15:54,0
16978,ValenciaNorte,2026-09-29 16:02,0
16980,ValenciaNorte,2026-09-29 16:02,0
16983,ValenciaNorte,2026-09-29 16:04,0
16985,ValenciaNorte,2026-09-29 16:05,0
16987,ValenciaNorte,2026-09-29 16:05,0
16989,ValenciaNorte,2026-09-29 16:09,0
16991,ValenciaNorte,2026-09-29 16:12,0
16993,ValenciaNorte,2026-09-29 16:23,0
16997,ValenciaNorte,2026-09-29 17:39,0
16999,ValenciaNorte,2026-09-29 17:41,0
17001,ValenciaNorte,2026-09-29 17:42,0
17003,ValenciaNorte,2026-09-29 17:42,0
17005,ValenciaNorte,2026-09-29 17:42,0
17007,ValenciaNorte,2026-09-29 17:43,0
17009,ValenciaNorte,2026-09-29 17:45,0
17011,ValenciaNorte,2026-09-29 17:46,0
17014,ValenciaNorte,2026-09-29 17:46,0
17016,ValenciaNorte,2026-09-29 17:53,0
17018,ValenciaNorte,2026-09-29 17:54,0
17020,ValenciaNorte,2026-09-29 17:56,0
17022,ValenciaNorte,2026-09-29 17:57,0
17023,ValenciaNorte,2026-09-29 17:57,1
17025,ValenciaNorte,2026-09-29 18:02,0
17026,ValenciaNorte,2026-09-29 18:02,1
17028,ValenciaNorte,2026-09-29 18:10,0
17030,ValenciaNorte,2026-09-29 18:18,0
17032,ValenciaNorte,2026-09-29 18:25,0
17034,ValenciaNorte,2026-09-29 18:26,0
17036,ValenciaNorte,2026-09-29 18:27,0
17038,ValenciaNorte,2026-09-29 18:28,0
17040,ValenciaNorte,2026-09-29 18:29,0
17041,ValenciaNorte,2026-09-29 18:29,1
17045,ValenciaNorte,2026-09-29 19:13,0
17046,ValenciaNorte,2026-09-29 19:14,1
17048,ValenciaNorte,2026-09-29 19:14,0
17049,ValenciaNorte,2026-09-29 19:14,1
17053,ValenciaNorte,2026-09-29 19:51,0
17056,ValenciaNorte,2026-09-29 19:53,1
17165,ValenciaNorte,2026-09-30 14:41,0
17168,ValenciaNorte,2026-09-30 14:42,0
17171,ValenciaNorte,2026-09-30 14:42,0
17174,ValenciaNorte,2026-09-30 14:44,0
17177,ValenciaNorte,2026-09-30 14:47,0
17180,ValenciaNorte,2026-09-30 15:00,0
17183,ValenciaNorte,2026-09-30 15:03,0
17493,ValenciaNorte,2026-10-01 18:03,0
17495,ValenciaNorte,2026-10-01 18:03,0
17497,ValenciaNorte,2026-10-01 18:07,0
17499,ValenciaNorte,2026-10-01 18:07,0
17501,ValenciaNorte,2026-10-01 18:08,0
17503,ValenciaNorte,2026-10-01 18:09,0
17505,ValenciaNorte,2026-10-01 18:10,0
17507,ValenciaNorte,2026-10-01 18:13,0
17509,ValenciaNorte,2026-10-01 18:15,0
17512,ValenciaNorte,2026-10-01 18:17,0
17514,ValenciaNorte,2026-10-01 18:17,0
17516,ValenciaNorte,2026-10-01 18:26,0
17518,ValenciaNorte,2026-10-01 18:45,0
17526,ValenciaNorte,2026-10-01 20:21,0
17540,ValenciaNorte,2026-10-01 21:43,0
17542,ValenciaNorte,2026-10-01 21:45,0
17545,ValenciaNorte,2026-10-01 21:46,0
17547,ValenciaNorte,2026-10-01 21:46,0
17549,ValenciaNorte,2026-10-01 21:47,0
17551,ValenciaNorte,2026-10-01 21:47,0
17553,ValenciaNorte,2026-10-01 21:48,0
17555,ValenciaNorte,2026-10-01 21:48,0
17557,ValenciaNorte,2026-10-01 21:51,0
17559,ValenciaNorte,2026-10-01 21:52,0
17563,ValenciaNorte,2026-10-01 23:10,1
17568,Naguanagua,2026-10-01 23:38,1
17569,SanDiego,2026-10-01 23:39,1
17570,ValenciaNorte,2026-10-02 01:31,1
17571,SanDiego,2026-10-02 03:11,1
17572,SanDiego,2026-10-02 03:41,1
17574,ValenciaNorte,2026-10-02 04:04,1
17575,SanDiego,2026-10-02 04:42,1
17576,ValenciaNorte,2026-10-02 04:46,1
17577,SanDiego,2026-10-02 08:07,1
17578,ValenciaNorte,2026-10-02 08:16,1
17579,ValenciaNorte,2026-10-02 08:29,1
17591,ValenciaNorte,2026-10-02 08:48,1
17593,ValenciaNorte,2026-10-02 09:14,1
17594,ValenciaNorte,2026-10-02 09:54,1
17595,ValenciaNorte,2026-10-02 10:37,1
17597,ValenciaNorte,2026-10-02 11:35,1
17599,Naguanagua,2026-10-02 11:38,1
17616,ValenciaNorte,2026-10-02 12:20,1
17618,SanDiego,2026-10-02 14:08,0
17628,Naguanagua,2026-10-02 14:48,1
17635,SanDiego,2026-10-02 14:53,1
17641,ValenciaNorte,2026-10-02 14:57,1
17643,ValenciaNorte,2026-10-02 15:04,1
17645,ValenciaNorte,2026-10-02 15:27,1
